,status,totalResults,articles
0,ok,11874,"{'source': {'id': 'bbc-news', 'name': 'BBC News'}, 'author': 'BBC News', 'title': 'Trump statement following Iranian strikes', 'description': 'The US president responds to Iranian missile attacks that targeted air bases housing US forces in Iraq.', 'url': 'https://www.bbc.co.uk/news/av/world-us-canada-51038985/trump-statement-following-iranian-strikes', 'urlToImage': 'https://ichef.bbci.co.uk/news/1024/branded_news/17753/production/_110438069_hi059006354.jpg', 'publishedAt': '2020-01-08T15:43:08Z', 'content': None}"
1,ok,11874,"{'source': {'id': 'bbc-news', 'name': 'BBC News'}, 'author': 'https://www.facebook.com/bbcnews', 'title': ""Trump Middle East plan: Palestinians reject 'conspiracy'"", 'description': 'The plan offers a Palestinian state but also recognises West Bank settlements occupied by Israel.', 'url': 'https://www.bbc.co.uk/news/world-middle-east-51292865', 'urlToImage': 'https://ichef.bbci.co.uk/images/ic/1024x576/p081mywt.jpg', 'publishedAt': '2020-01-29T08:15:01Z', 'content': 'Media playback is unsupported on your device\r\nMedia captionPresident Trump: ""No Palestinians or Israelis will be uprooted from their homes""\r\nPalestinians have dismissed US President Donald Trump\'s new Middle East peace plan as a ""conspiracy"".\r\nThe plan envisa… [+12537 chars]'}"
2,ok,11874,"{'source': {'id': 'bbc-news', 'name': 'BBC News'}, 'author': 'https://www.facebook.com/bbcnews', 'title': 'White House pushes back as Bolton book threatens revelations', 'description': 'Trump administration officials claim the book contains top secret information and should not be published.', 'url': 'https://www.bbc.co.uk/news/world-us-canada-51304366', 'urlToImage': 'https://ichef.bbci.co.uk/news/1024/branded_news/AAE5/production/_110694734_gettyimages-1197377831.jpg', 'publishedAt': '2020-01-29T21:44:47Z', 'content': 'Image copyrightGetty ImagesImage caption\r\n President Trump has fought to prevent John Bolton from testifying in his impeachment\r\nThe White House is pushing back against the publication of a book by former national security adviser John Bolton, citing security… [+5342 chars]'}"
3,ok,11874,"{'source': {'id': 'bbc-news', 'name': 'BBC News'}, 'author': 'https://www.facebook.com/bbcnews', 'title': ""Iran 'standing down' after missile strikes - Trump"", 'description': 'President Trump says Iran ""appears to be standing down"" after it targeted air bases housing US forces in Iraq', 'url': 'https://www.bbc.co.uk/news/world-us-canada-51039520', 'urlToImage': 'https://ichef.bbci.co.uk/news/1024/branded_news/7A23/production/_97176213_breaking_news_bigger.png', 'publishedAt': '2020-01-08T16:39:06Z', 'content': 'US President Donald Trump says Iran ""appears to be standing down"" after it targeted air bases housing US forces in Iraq.\r\nMr Trump said no US or Iraqi lives were lost in the attacks, and the bases suffered only minimal damage.\r\nThe attacks on the Irbil and Al… [+446 chars]'}"
4,ok,11874,"{'source': {'id': 'bbc-news', 'name': 'BBC News'}, 'author': 'https://www.facebook.com/bbcnews', 'title': 'Trump lifts restrictions on US landmine use', 'description': 'US forces will now be free to use anti-personnel landmines worldwide ""in exceptional circumstances"".', 'url': 'https://www.bbc.co.uk/news/world-us-canada-51332541', 'urlToImage': 'https://ichef.bbci.co.uk/news/1024/branded_news/61FA/production/_110728052_mediaitem110728051.jpg', 'publishedAt': '2020-01-31T20:29:45Z', 'content': 'Image copyrightGetty ImagesImage caption\r\n Thousands are still killed by landmines every year\r\nUS President Donald Trump has lifted restrictions on the deployment of anti-personnel landmines by American forces.\r\nThe decision reverses a 2014 Obama administrati… [+4593 chars]'}"
5,ok,11874,"{'source': {'id': 'bbc-news', 'name': 'BBC News'}, 'author': 'https://www.facebook.com/bbcnews', 'title': ""Trump Davos 2020: US president's speech fact-checked"", 'description': ""Donald Trump made a series of claims about the US economy and environment - what's the truth behind them?"", 'url': 'https://www.bbc.co.uk/news/world-51192999', 'urlToImage': 'https://ichef.bbci.co.uk/images/ic/1024x576/p080yzbg.jpg', 'publishedAt': '2020-01-21T17:38:44Z', 'content': 'Media caption""We must reject the perennial prophets of doom"" - Mr Trump\r\nPresident Trump made a series of claims about his record in office - on the US economy and on the environment - during his speech to the World Economic Forum at the Swiss resort of Davos… [+5072 chars]'}"
6,ok,11874,"{'source': {'id': 'bbc-news', 'name': 'BBC News'}, 'author': 'https://www.facebook.com/bbcnews', 'title': ""Trump 'new exactly what was going on', Giuliani aide claims"", 'description': ""Lev Parnas, an aide to the president's lawyer, says Donald Trump knew of efforts to pressure Ukraine."", 'url': 'https://www.bbc.co.uk/news/world-us-canada-51130964', 'urlToImage': 'https://ichef.bbci.co.uk/news/1024/branded_news/13741/production/_110518697_hi058706810-2.jpg', 'publishedAt': '2020-01-16T04:41:36Z', 'content': 'Image copyrightReutersImage caption\r\n Ukrainian-American businessman Lev Parnas is an associate of President Trump\'s personal lawyer\r\nAn aide to Rudy Giuliani claims President Trump ""knew exactly what was going on"" regarding efforts to pressure Ukraine into i… [+3680 chars]'}"
7,ok,11874,"{'source': {'id': 'bbc-news', 'name': 'BBC News'}, 'author': 'BBC News', 'title': ""Trump impeachment: What's Ukraine got to do with it?"", 'description': 'The reason US President Donald Trump is facing an impeachment trial lies thousands of miles away.', 'url': 'https://www.bbc.co.uk/news/av/world-51152351/trump-impeachment-what-s-ukraine-got-to-do-with-it', 'urlToImage': 'https://ichef.bbci.co.uk/news/1024/branded_news/14659/production/_110554538_p080pmgg.jpg', 'publishedAt': '2020-01-20T00:04:35Z', 'content': None}"
8,ok,11874,"{'source': {'id': 'bbc-news', 'name': 'BBC News'}, 'author': 'https://www.facebook.com/bbcnews', 'title': 'CONTEXT: US-Iran relations - a brief history', 'description': ""From the CIA-orchestrated overthrow of Iran's prime minister to tension in the time of President Trump."", 'url': 'https://www.bbc.co.uk/news/world-middle-east-24316661', 'urlToImage': 'https://ichef.bbci.co.uk/news/1024/media/images/75622000/jpg/_75622221_019018555-1.jpg', 'publishedAt': '2020-01-06T09:33:45Z', 'content': ""From the CIA-orchestrated overthrow of Iran's prime minister in 1953, to tension and confrontation under President Trump, a look back over more than 65 years of tricky relations between Iran and the US.\r\n1953: Overthrow of Mossadeq\r\nMedia playback is unsuppor… [+4159 chars]""}"
9,ok,11874,"{'source': {'id': 'bbc-news', 'name': 'BBC News'}, 'author': 'https://www.facebook.com/bbcnews', 'title': ""What US farmers make of Trump's trade deal"", 'description': 'President Trump has hailed the new US-China agreement as a victory for farmers. So what do they think?', 'url': 'https://www.bbc.co.uk/news/world-us-canada-51144239', 'urlToImage': 'https://ichef.bbci.co.uk/news/1024/branded_news/9817/production/_110553983_xtkbmkh6s3ccuh0m-cuxa_thumb_7c2b.jpg', 'publishedAt': '2020-01-17T20:56:14Z', 'content': ""Image copyrightHolly Honderich\r\nPresident Trump has touted his new US-China trade agreement as a boon for America's farmers, who have suffered under a nearly-two-year tariff standoff with Beijing. But what do they think?\r\nA summary of the new agreement says t… [+5769 chars]""}"
10,ok,11874,"{'source': {'id': 'bbc-news', 'name': 'BBC News'}, 'author': 'https://www.facebook.com/bbcnews', 'title': 'Iowa caucuses: Nine unusual things about the Democratic race', 'description': 'Democrats are deciding who they want to take on Trump - and it can be a noisy, chaotic process.', 'url': 'https://www.bbc.co.uk/news/world-us-canada-51299245', 'urlToImage': 'https://ichef.bbci.co.uk/news/1024/branded_news/A817/production/_110713034_gettyimages-1071046388.jpg', 'publishedAt': '2020-01-31T00:02:20Z', 'content': ""Image copyrightGetty ImagesImage caption\r\n Iowa's democratic caucuses have been likened to a game of musical chairs\r\nOn Monday evening, tens of thousands of Democrats in Iowa will brave the cold and gather in schools, churches, gyms and libraries to decide on… [+10322 chars]""}"
11,ok,11874,"{'source': {'id': 'bbc-news', 'name': 'BBC News'}, 'author': 'https://www.facebook.com/bbcnews', 'title': ""Trump impeachment: Legal team says charges 'constitutionally invalid'"", 'description': ""The response to the trial summons gives the first glimpse of what will form the White House's defence."", 'url': 'https://www.bbc.co.uk/news/world-us-canada-51165024', 'urlToImage': 'https://ichef.bbci.co.uk/news/1024/branded_news/3DD2/production/_110562851_4d2f60e7-677d-4d3b-9b02-6e7e4bcf18f5.jpg', 'publishedAt': '2020-01-19T00:00:47Z', 'content': 'Image copyrightAFPImage caption\r\n Opening statements in the impeachment trial against Mr Trump will begin next week\r\nUS President Donald Trump\'s legal team has given its first formal response to the impeachment case against him, describing the charges as a ""d… [+2237 chars]'}"
12,ok,11874,"{'source': {'id': 'bbc-news', 'name': 'BBC News'}, 'author': 'https://www.facebook.com/bbcnews', 'title': 'Trump impeachment: Senators play games and nap during trial', 'description': 'Senators have been seen chewing gum, handing out fidget spinners and sleeping during the trial.', 'url': 'https://www.bbc.co.uk/news/world-us-canada-51231047', 'urlToImage': 'https://ichef.bbci.co.uk/news/1024/branded_news/19A2/production/_110626560_mediaitem110626557.jpg', 'publishedAt': '2020-01-24T00:54:39Z', 'content': ""Media playback is unsupported on your device\r\nMedia captionLIVE: Trump's impeachment trial in Washington \r\nUS senators have been accused of falling asleep, playing games and breaking other rules during President Donald Trump's impeachment trial.\r\nJim Risch an… [+4341 chars]""}"
13,ok,11874,"{'source': {'id': 'bbc-news', 'name': 'BBC News'}, 'author': 'https://www.facebook.com/bbcnews', 'title': 'Impeachment: Democrats undoing 2016 election, say Trump lawyers', 'description': 'Lawyers start their defence of the US president at the impeachment trial in the Senate.', 'url': 'https://www.bbc.co.uk/news/world-us-canada-51251395', 'urlToImage': 'https://ichef.bbci.co.uk/news/1024/branded_news/1C60/production/_110646270_mediaitem110646269.jpg', 'publishedAt': '2020-01-25T18:19:50Z', 'content': ""Image copyrightGetty ImagesImage caption\r\n The White House Counsel said Democrats should not try to overturn the last election\r\nPresident Trump's lawyers have begun defending him at his impeachment trial, accusing Democrats of seeking to overturn the result o… [+3109 chars]""}"
14,ok,11874,"{'source': {'id': 'bbc-news', 'name': 'BBC News'}, 'author': 'https://www.facebook.com/bbcnews', 'title': 'Tech expo chief defends invite for Ivanka Trump', 'description': 'Tech expo organiser says the US President\'s daughter has done ""great work"" on jobs-related issues.', 'url': 'https://www.bbc.co.uk/news/technology-50988743', 'urlToImage': 'https://ichef.bbci.co.uk/news/1024/branded_news/7E66/production/_110385323_f4e2ef4d-b75d-44b6-b197-cc89ca9257f4.jpg', 'publishedAt': '2020-01-05T01:08:03Z', 'content': 'Image copyrightGetty Images\r\nThe man in charge of next week\'s giant CES tech expo has said that Ivanka Trump has done ""great work"" and will help it focus attendees\' minds on job-related issues for the future.\r\nA decision to offer the US President\'s daughter o… [+5941 chars]'}"
15,ok,11874,"{'source': {'id': 'bbc-news', 'name': 'BBC News'}, 'author': 'https://www.facebook.com/bbcnews', 'title': 'Trump under fire for threat to Iranian cultural sites', 'description': 'The UN says both the US and Iran have signed conventions protecting cultural heritage.', 'url': 'https://www.bbc.co.uk/news/world-middle-east-51014237', 'urlToImage': 'https://ichef.bbci.co.uk/news/1024/branded_news/169D7/production/_110413629_058956798-1.jpg', 'publishedAt': '2020-01-06T19:05:06Z', 'content': ""Image copyrightAFPImage caption\r\n Naqsh-e Jahan Square in the city of Isfahan, one of two dozen Unesco World Heritage sites in Iran\r\nUS President Donald Trump has faced growing criticism over his threats to attack Iran's cultural sites.\r\nMr Trump made the thr… [+3489 chars]""}"
16,ok,11874,"{'source': {'id': 'bbc-news', 'name': 'BBC News'}, 'author': 'https://www.facebook.com/bbcnews', 'title': ""Trump impeachment: Who's who in the Senate trial?"", 'description': ""Our guide to the key figures in President Donald Trump's impeachment trial."", 'url': 'https://www.bbc.co.uk/news/world-us-canada-51162251', 'urlToImage': 'https://ichef.bbci.co.uk/images/ic/1024x576/p07y92c6.jpg', 'publishedAt': '2020-01-18T21:32:01Z', 'content': 'Media captionHow did we get here?\r\nThe US House of Representatives has impeached President Donald Trump, and the Republican leader now faces a trial in the Senate.\r\nMembers of the upper house will decide whether to remove Mr Trump from office. As the Republic… [+8303 chars]'}"
17,ok,11874,"{'source': {'id': 'bbc-news', 'name': 'BBC News'}, 'author': 'https://www.facebook.com/bbcnews', 'title': ""Qasem Soleimani: Strike was to 'stop war', says Trump"", 'description': ""Iran's top military commander Qasem Soleimani was killed in a strike at Baghdad airport on Friday."", 'url': 'https://www.bbc.co.uk/news/world-middle-east-50989745', 'urlToImage': 'https://ichef.bbci.co.uk/images/ic/1024x576/p07zh39k.jpg', 'publishedAt': '2020-01-04T00:22:52Z', 'content': 'Media captionTrump - We took action to stop, not start a war\r\nPresident Donald Trump has said the US killed Iran\'s top military commander Qasem Soleimani ""to stop a war, not to start one"". \r\nHe said Soleimani\'s ""reign of terror is over"" after the strike at Ba… [+3140 chars]'}"
18,ok,11874,"{'source': {'id': 'bbc-news', 'name': 'BBC News'}, 'author': 'https://www.facebook.com/bbcnews', 'title': 'Texas governor to reject new refugees under Trump order', 'description': 'Governor Greg Abbott says the state\'s resources should be focused on ""those who are already here"".', 'url': 'https://www.bbc.co.uk/news/world-us-canada-51072198', 'urlToImage': 'https://ichef.bbci.co.uk/news/1024/branded_news/A60B/production/_110470524_gettyimages-545545770-594x594.jpg', 'publishedAt': '2020-01-11T02:38:10Z', 'content': 'Image copyrightGetty ImagesImage caption\r\n Greg Abbott said Texas had done ""more than its share"" for the refugee resettlement programme\r\nThe Republican governor of Texas, Greg Abbott, has said the state will not accept new refugees under the US government\'s r… [+2641 chars]'}"
19,ok,11874,"{'source': {'id': 'politico', 'name': 'Politico'}, 'author': None, 'title': 'Trump works to avoid evangelical defections in 2020 - POLITICO', 'description': ""Trump works to avoid evangelical defections in 2020 POLITICO Christianity Today Editor Laments ‘Ethical Naïveté’ of Trump Backers The New York Times Trump seeks to shore up evangelical support at 'prosperity gospel' church Reuters Miami evangelical Trump even…"", 'url': 'https://www.politico.com/news/2020/01/03/trump-evangelical-defection-093071', 'urlToImage': 'https://static.politico.com/d8/5f/d4b4077f481d8f0e83b8e7bd750e/200102-trump-gty-773.jpg', 'publishedAt': '2020-01-03T10:03:00Z', 'content': 'There are plenty of evangelical Americans who maybe didnt support President Trump in the last election because they didnt believe he was a true ally, but who are now taking a second look at him because of his record, said a Trump campaign adviser. \r\nIts a str… [+6047 chars]'}"
0,ok,11874,"{'source': {'id': 'bbc-news', 'name': 'BBC News'}, 'author': 'https://www.facebook.com/bbcnews', 'title': 'Democrats call for Bolton to testify in impeachment trial', 'description': ""The ex-national security advisor's evidence could undermine Donald Trump's trial defence, reports say."", 'url': 'https://www.bbc.co.uk/news/world-us-canada-51260220', 'urlToImage': 'https://ichef.bbci.co.uk/news/1024/branded_news/1308D/production/_110656977_mediaitem110656976.jpg', 'publishedAt': '2020-01-27T05:13:11Z', 'content': ""Image copyrightAFPImage caption\r\n Donald Trump has said that he does not want John Bolton to testify\r\nDemocrats have renewed their demand for US President Donald Trump's former National Security Advisor John Bolton to be called to testify in the president's i… [+2477 chars]""}"
1,ok,11874,"{'source': {'id': 'bbc-news', 'name': 'BBC News'}, 'author': 'https://www.facebook.com/bbcnews', 'title': ""Davos: Trump decries climate 'prophets of doom' at World Economic Forum"", 'description': 'The US leader attacks environmentalists at the World Economic Forum, which Greta Thunberg is attending.', 'url': 'https://www.bbc.co.uk/news/world-europe-51189430', 'urlToImage': 'https://ichef.bbci.co.uk/images/ic/1024x576/p080yzbg.jpg', 'publishedAt': '2020-01-21T12:12:33Z', 'content': 'Media caption""We must reject the perennial prophets of doom"" - Trump\r\nUS President Donald Trump has decried climate ""prophets of doom"" in a speech at the World Economic Forum in Davos, where sustainability is the main theme.\r\nHe called for a rejection of ""pre… [+1900 chars]'}"
2,ok,11874,"{'source': {'id': 'bbc-news', 'name': 'BBC News'}, 'author': 'https://www.facebook.com/bbcnews', 'title': 'US Space Force mocked for unveiling camouflage uniforms', 'description': 'The new uniform, unveiled on the force\'s Twitter, has prompted one question: ""Camo in space?""', 'url': 'https://www.bbc.co.uk/news/world-us-canada-51160547', 'urlToImage': 'https://ichef.bbci.co.uk/news/1024/branded_news/AF55/production/_110558844_usspaceforce.jpg', 'publishedAt': '2020-01-18T16:39:11Z', 'content': 'Image copyrightUS Space ForceImage caption\r\n The US Space Force posted a picture its new uniform on Twitter\r\nThe US Space Force has defended its newly unveiled camouflage uniforms after they were roundly mocked on social media. \r\nThe force, officially launche… [+1563 chars]'}"
3,ok,11874,"{'source': {'id': 'the-washington-post', 'name': 'The Washington Post'}, 'author': 'Carol Morello, Abigail Hauslohner, Maria Sacchetti', 'title': 'New Trump administration rule could make it more difficult for some pregnant women to get U.S. visas - The Washington Post', 'description': ""New Trump administration rule could make it more difficult for some pregnant women to get U.S. visas The Washington Post Trump administration to issue new visa restrictions aimed at curbing 'birth tourism' Fox News Pregnant people could be denied tourist visa…"", 'url': 'https://www.washingtonpost.com/immigration/new-trump-administration-rule-could-make-it-more-difficult-for-some-pregnant-women-to-get-us-visas/2020/01/22/caf582c4-3d65-11ea-b90d-5652806c3b3a_story.html', 'urlToImage': 'https://www.washingtonpost.com/resizer/po49aY_k3csoqAdVgFgAIahx2Pc=/1440x0/smart/arc-anglerfish-washpost-prod-washpost.s3.amazonaws.com/public/4U3GF6FOA4I6LOBA52SNMS7CUE.jpg', 'publishedAt': '2020-01-23T00:08:00Z', 'content': 'Most people who are born in the United States are entitled to U.S. citizenship, even if their parents are not citizens. It is unclear how many people travel to the United States to give birth each year with the intention of obtaining citizenship for their chi… [+2897 chars]'}"
4,ok,11874,"{'source': {'id': 'bbc-news', 'name': 'BBC News'}, 'author': 'https://www.facebook.com/bbcnews', 'title': 'Burisma: US firm says Russia hacked company at heart of Trump impeachment', 'description': ""The Ukrainian energy company Burisma is at the centre of President Donald Trump's impeachment"", 'url': 'https://www.bbc.co.uk/news/world-us-canada-51103556', 'urlToImage': 'https://ichef.bbci.co.uk/news/1024/branded_news/1124C/production/_110502207_5294c35e-5587-4647-b7c1-a512d4ee4469.jpg', 'publishedAt': '2020-01-14T09:45:08Z', 'content': ""Image copyrightReutersImage caption\r\n The report says hackers managed to gain access to Burisma and its subsidiaries' email servers\r\nThe Ukrainian gas company at the centre of President Donald Trump's impeachment was successfully hacked by Russian military ag… [+3058 chars]""}"
5,ok,11874,"{'source': {'id': 'bbc-news', 'name': 'BBC News'}, 'author': 'https://www.facebook.com/bbcnews', 'title': ""Kim-Trump personal relations 'not enough to resume' US-North Korea talks"", 'description': ""The US must fully accept North Korea's demands so nuclear discussions can restart, an official says."", 'url': 'https://www.bbc.co.uk/news/world-asia-51074956', 'urlToImage': 'https://ichef.bbci.co.uk/news/1024/branded_news/5E3F/production/_110472142_157cd31b-ea5e-4adb-96c8-39f7aee71f0c.jpg', 'publishedAt': '2020-01-11T11:24:16Z', 'content': 'Image copyrightReutersImage caption\r\n The leaders held an impromptu meeting at the demilitarized zone between the Koreas last June\r\nNorth Korea has received birthday greetings from US President Donald Trump for Kim Jong-un, but says their personal relationshi… [+3961 chars]'}"
6,ok,11874,"{'source': {'id': 'bbc-news', 'name': 'BBC News'}, 'author': 'https://www.facebook.com/bbcnews', 'title': 'Quiz of the week: On Trump, Russia and the new Bond theme', 'description': ""Have you been paying attention to what's been going on during the past seven days?"", 'url': 'https://www.bbc.co.uk/news/world-51124488', 'urlToImage': 'https://ichef.bbci.co.uk/news/1024/branded_news/6AF6/production/_110528372_eilish_reu.jpg', 'publishedAt': '2020-01-17T00:03:51Z', 'content': ""It's the weekly news quiz - have you been paying attention to what's been going on in the world during the past seven days? \r\nIf you cannot see the quiz, follow this link. \r\nTry last week's quiz via this link.\r\nPicture credits: PA Media, Reuters, EPA, AFP, Ge… [+27 chars]""}"
7,ok,11874,"{'source': {'id': 'bbc-news', 'name': 'BBC News'}, 'author': 'https://www.facebook.com/bbcnews', 'title': 'North Korea threatens to resume nuclear and ICBM testing', 'description': ""Kim Jong-un also warns of a new 'strategic weapon' up his sleeve but leaves room for new US talks."", 'url': 'https://www.bbc.co.uk/news/world-asia-50962768', 'urlToImage': 'https://ichef.bbci.co.uk/news/1024/branded_news/12CC3/production/_110359967_53423f8a-f6d0-4767-bdd1-79acf1d54f72.jpg', 'publishedAt': '2020-01-01T02:59:19Z', 'content': ""Image copyrightAFPImage caption\r\n Mr Kim warns he's got a new strategic weapon up his sleeve\r\nNorth Korean leader Kim Jong-un has said he is ending his suspension of nuclear and long-range missile tests he put in place during talks with the US. \r\nMr Kim also … [+3420 chars]""}"
8,ok,11874,"{'source': {'id': 'bbc-news', 'name': 'BBC News'}, 'author': 'https://www.facebook.com/bbcnews', 'title': ""National Archives sorry for censoring 2017 Women's March signs"", 'description': ""The US agency says it was wrong to blur out signs critical of the president at the 2017 Women's March."", 'url': 'https://www.bbc.co.uk/news/world-us-canada-51165023', 'urlToImage': 'https://ichef.bbci.co.uk/news/1024/branded_news/DA12/production/_110562855_correctimage.jpg', 'publishedAt': '2020-01-19T00:17:53Z', 'content': ""Image copyrightGetty ImagesImage caption\r\n An unaltered photo of the 2017 Women's March by photographer Mario Tama\r\nThe US National Archives has apologised for altering a photo of the 2017 Women's March, including blurring signs critical of President Donald T… [+2326 chars]""}"
9,ok,11874,"{'source': {'id': 'bbc-news', 'name': 'BBC News'}, 'author': 'https://www.facebook.com/bbcnews', 'title': 'TRENDING: Franz Ferdinand and #WWIII', 'description': ""There's a lot of speculation online about what the fallout might be from a US drone strike in Iraq."", 'url': 'https://www.bbc.co.uk/news/newsbeat-50982073', 'urlToImage': 'https://ichef.bbci.co.uk/news/1024/branded_news/1CE5/production/_110379370_indexnew.jpg', 'publishedAt': '2020-01-03T11:53:51Z', 'content': ""Image copyrightReuters\r\nFollowing the death of Iran's top military commander, there's a lot of speculation about what might happen next.\r\nGeneral Qasem Soleimani was killed by American drones in Iraq.\r\nIt's escalated an already-tense situation between Iran an… [+3619 chars]""}"
10,ok,11874,"{'source': {'id': 'the-wall-street-journal', 'name': 'The Wall Street Journal'}, 'author': 'Andrew Restuccia, Greg Ip', 'title': 'Trade Tensions With Europe Flare as Trump Flexes Economic Muscle - The Wall Street Journal', 'description': 'Trade Tensions With Europe Flare as Trump Flexes Economic Muscle The Wall Street Journal Climate activist Greta Thunberg: ""Pretty much nothing has been done"" CBS News Davos: Trump decries climate \'prophets of doom\' with Thunberg in audience BBC News No, Greta…', 'url': 'https://www.wsj.com/articles/with-tariff-threats-trump-again-wields-economic-clout-to-solve-disputes-11579646076', 'urlToImage': 'https://images.wsj.net/im-145999/social', 'publishedAt': '2020-01-21T22:34:00Z', 'content': 'DAVOS, SwitzerlandFresh threats by the U.S. to place tariffs on some of its closest alliesjust days after reaching an initial trade deal with Chinashow that economic pressure remains President Trumps weapon of choice in international disputes.\r\nEven as he lau… [+273 chars]'}"
11,ok,11874,"{'source': {'id': 'bbc-news', 'name': 'BBC News'}, 'author': 'https://www.facebook.com/bbcnews', 'title': ""US REACTION: 'Sorry Iran' and escalation fears"", 'description': 'Opinions are divided, but most Americans are wondering where the US strike against Iran could lead.', 'url': 'https://www.bbc.co.uk/news/world-us-canada-50987759', 'urlToImage': 'https://ichef.bbci.co.uk/images/ic/1024x576/p07zh89r.jpg', 'publishedAt': '2020-01-03T21:58:10Z', 'content': 'Media captionDemocrats warn of \'dangerous escalation\' with Iran and question is Trump has a plan\r\n""Where is this going?"" is one of many questions thrown up by US political leaders after President Trump\'s decision to have Iran\'s top military figure, Qasem Sole… [+6557 chars]'}"
12,ok,11874,"{'source': {'id': 'time', 'name': 'Time'}, 'author': 'Jennifer Peltz / AP', 'title': 'Woman Accusing President Trump of Rape Is Seeking His DNA', 'description': 'Advice columnist E. Jean Carroll’s lawyers served notice to a Trump attorney Thursday for Trump to submit a DNA sample by March 2.', 'url': 'https://time.com/5774818/e-jean-carroll-trump-rape-dna/', 'urlToImage': 'https://api.time.com/wp-content/uploads/2020/01/e-jean-carroll-trump-rape-dna-test.jpg?quality=85&w=1200&h=628&crop=1', 'publishedAt': '2020-01-30T21:37:44Z', 'content': '(NEW YORK) — Lawyers for a woman who accuses President Donald Trump of raping her in the 1990s are asking for a DNA sample, seeking to determine whether his genetic material is on a dress she says she wore during the encounter.\r\nAdvice columnist E. Jean Carro… [+4088 chars]'}"
13,ok,11874,"{'source': {'id': 'bbc-news', 'name': 'BBC News'}, 'author': 'https://www.facebook.com/bbcnews', 'title': ""'No crime, no impeachment' - is that true?"", 'description': 'The White House defence that no crime means no impeachment ignores history, says legal scholar Jonathan Turley.', 'url': 'https://www.bbc.co.uk/news/world-us-canada-51200828', 'urlToImage': 'https://ichef.bbci.co.uk/news/1024/branded_news/12F15/production/_110598577_gettyimages-1193389321.jpg', 'publishedAt': '2020-01-21T21:12:42Z', 'content': 'Image copyrightMark Wilson/Getty ImagesImage caption\r\n Alan Dershowitz is the ""quarterback"" for the White House\'s longshot defence of Mr Trump\r\nThe White House now contends that the ongoing impeachment trial against President Donald Trump is invalid because M… [+5388 chars]'}"
14,ok,11874,"{'source': {'id': 'bbc-news', 'name': 'BBC News'}, 'author': 'https://www.facebook.com/bbcnews', 'title': ""Australia PM 'misled public' on fires"", 'description': 'Malcolm Turnbull tells the BBC he ""cannot explain"" Scott Morrison\'s actions during the crisis.', 'url': 'https://www.bbc.co.uk/news/world-australia-51202534', 'urlToImage': 'https://ichef.bbci.co.uk/news/1024/branded_news/14C08/production/_110600058_gettyimages-681276884.jpg', 'publishedAt': '2020-01-22T05:29:20Z', 'content': 'Image copyrightGetty ImagesImage caption\r\n Scott Morrison (left) succeeded Malcolm Turnbull as PM in 2018\r\nAustralian PM Scott Morrison has been accused of lacking leadership during the bushfire crisis - by the man he replaced after a party room coup. \r\nMalco… [+4121 chars]'}"
15,ok,11874,"{'source': {'id': 'bbc-news', 'name': 'BBC News'}, 'author': 'https://www.facebook.com/bbcnews', 'title': 'US airbase in Iraq hit by rockets - reports', 'description': 'Troops have been on alert after the US killed top Iranian commander Qasem Soleimani on Friday.', 'url': 'https://www.bbc.co.uk/news/world-middle-east-51028954', 'urlToImage': 'https://ichef.bbci.co.uk/news/1024/branded_news/116D6/production/_110428317_5a47bf0c-e2e6-4859-b07d-2beeadfc4f66.jpg', 'publishedAt': '2020-01-07T23:27:45Z', 'content': 'Image copyrightReutersImage caption\r\n US Vice President Mike Pence visited the base in November 2019\r\nAn airbase housing US and coalition troops in Iraq has been hit by rockets, according to US security sources.\r\nThe Al-Asad base was reportedly hit by multipl… [+268 chars]'}"
16,ok,11874,"{'source': {'id': 'google-news', 'name': 'Google News'}, 'author': None, 'title': ""Dow Jones Leads Stock Market To New High As Trump Touts China Deal - Investor's Business Daily"", 'description': ""Dow Jones Leads Stock Market To New High As Trump Touts China Deal Investor's Business Daily Trade worries nudge S&P 500 below record highs Financial Times Dow Reverses Sharply After Trump Tariff News Rocks Stock Market CCN.com S&P 500 near record high after …"", 'url': 'https://news.google.com/__i/rss/rd/articles/CBMifmh0dHBzOi8vd3d3LmludmVzdG9ycy5jb20vbWFya2V0LXRyZW5kL3N0b2NrLW1hcmtldC10b2RheS9kb3ctam9uZXMtbGVhZHMtc3RvY2stbWFya2V0LXRvLW5ldy1yZWNvcmQtaGlnaC1haGVhZC1vZi1jaGluYS1kZWFsL9IBAA?oc=5', 'urlToImage': None, 'publishedAt': '2020-01-15T17:32:00Z', 'content': None}"
17,ok,11874,"{'source': {'id': 'politico', 'name': 'Politico'}, 'author': None, 'title': ""Trump warns Turkey's Erdogan against military intervention in Libya - POLITICO"", 'description': ""Trump warns Turkey's Erdogan against military intervention in Libya POLITICO Libya conflict: Turkish MPs approve bill to send troops BBC News Erdogan Prepares a New Military Intervention, This Time in Libya The New York Times Libya conflict: Turkey's parliame…"", 'url': 'https://www.politico.com/news/2020/01/02/trump-warns-turkey-military-intervention-libya-092825', 'urlToImage': 'https://static.politico.com/17/58/9b6ffe444c5bb69859d2ff187dfd/20200102-erdogan-trump-gty-773.jpg', 'publishedAt': '2020-01-02T19:20:00Z', 'content': 'The offensive has split the international community: The rival regime led by commander Gen. Khalifa Haftar has been backed the United Arab Emirates, Egypt, France and Russia, according to The Associated Press, while Sarrajs government receives aid from Turkey… [+1091 chars]'}"
18,ok,11874,"{'source': {'id': 'the-washington-post', 'name': 'The Washington Post'}, 'author': 'Shane Harris, Josh Dawsey, Seung Min Kim', 'title': 'Trump now claims four embassies were under threat from Iran, raising fresh questions about intelligence reports - The Washington Post', 'description': ""Trump now claims four embassies were under threat from Iran, raising fresh questions about intelligence reports The Washington Post Trump tells Fox News' Laura Ingraham 'four embassies' were targeted in imminent threat from Iran Fox News US imposes new sancti…"", 'url': 'https://www.washingtonpost.com/national-security/trump-now-claims-four-embassies-were-under-threat-from-iran-raising-fresh-questions-about-intelligence-reports/2020/01/10/02f8d154-33e7-11ea-a053-dc6d944ba776_story.html', 'urlToImage': 'https://www.washingtonpost.com/resizer/fiHLsxdaB2MEAjYXRcmDpTCDATw=/1440x0/smart/arc-anglerfish-washpost-prod-washpost.s3.amazonaws.com/public/AWOXWHRTFQI6VFY3IO7MH74YMA.jpg', 'publishedAt': '2020-01-11T01:02:00Z', 'content': 'In an interview with Fox Newss Laura Ingraham, excerpts of which were released Friday afternoon, Trump expanded on comments from a day earlier, when he initially told reporters that Soleimanis forces were looking to blow up our embassy in Baghdad. He later sa… [+6954 chars]'}"
19,ok,11874,"{'source': {'id': 'bbc-news', 'name': 'BBC News'}, 'author': 'https://www.facebook.com/bbcnews', 'title': 'What does Trump’s Middle East plan say on key issues?', 'description': ""Israel welcomed the US president's long-awaited proposals, but Palestinians dismissed them."", 'url': 'https://www.bbc.co.uk/news/world-middle-east-51299145', 'urlToImage': 'https://ichef.bbci.co.uk/news/1024/branded_news/134B/production/_110693940_416c86ce-53d7-45bf-b328-a93bf0001430.jpg', 'publishedAt': '2020-01-29T17:53:26Z', 'content': 'Image copyrightGetty ImagesImage caption\r\n Donald Trump presented the plan alongside Israeli Prime Minister Benjamin Netanyahu\r\nUS President Donald Trump has unveiled his long-awaited ""vision for peace, prosperity and a brighter future for the Israelis and Pa… [+10265 chars]'}"
0,ok,11874,"{'source': {'id': 'bbc-news', 'name': 'BBC News'}, 'author': 'https://www.facebook.com/bbcnews', 'title': ""Soleimani: General's daughter warns US of 'dark day'"", 'description': 'The comments come as the funeral for the slain Iranian military commander begins in Tehran.', 'url': 'https://www.bbc.co.uk/news/world-middle-east-51004688', 'urlToImage': 'https://ichef.bbci.co.uk/news/1024/branded_news/1662/production/_110403750_058969810-1.jpg', 'publishedAt': '2020-01-06T06:33:24Z', 'content': 'Image copyrightEPAImage caption\r\n Mourners have gathered in the Iranian capital for Soleimani\'s funeral service\r\nThe daughter of Iranian military commander Qasem Soleimani warned the US faces a ""dark day"" for his death as his funeral began in Tehran. \r\nSoleim… [+1472 chars]'}"
1,ok,11874,"{'source': {'id': 'bbc-news', 'name': 'BBC News'}, 'author': 'https://www.facebook.com/bbcnews', 'title': 'EXPLAINER: What we know about the attacked bases', 'description': 'Iran fired rockets at two US bases - including one that used to resemble a ""US suburban town"".', 'url': 'https://www.bbc.co.uk/news/world-middle-east-51029675', 'urlToImage': 'https://ichef.bbci.co.uk/news/1024/branded_news/4F44/production/_110429202_45227580-3c81-43af-b29a-3e3ae9c1c486.jpg', 'publishedAt': '2020-01-08T04:39:59Z', 'content': 'Media playback is unsupported on your device\r\nMedia captionQuentin Sommerville had exclusive access to Ain al-Asad airbase for this 2014 report\r\nThe Al Asad air base is so vast that, after the US invasion, there were cinemas, swimming pools, fast food restaur… [+2935 chars]'}"
2,ok,11874,"{'source': {'id': 'time', 'name': 'Time'}, 'author': 'Time', 'title': 'Trump Called His Middle East Peace Plan a ‘Win Win.’ Palestinians Disagree', 'description': 'It’s been three years in the making. But on Tuesday, the Trump Administration’s proposal to bring a solution to the decades-long Israeli-Palestinian conflict finally came to light. The White House’s 80-page plan calls for the creation of a Palestinian state w…', 'url': 'https://time.com/5773261/middle-east-peace-plan-details/', 'urlToImage': 'https://api.time.com/wp-content/uploads/2020/01/Trump-Netanyahu-middle-east-peace-plan.jpg?quality=85&w=1024&h=628&crop=1', 'publishedAt': '2020-01-28T21:10:58Z', 'content': 'It’s been three years in the making. But on Tuesday, the Trump Administration’s proposal to bring a solution to the decades-long Israeli-Palestinian conflict finally came to light. \r\nThe White House’s 80-page plan calls for the creation of a Palestinian state… [+9967 chars]'}"
3,ok,11874,"{'source': {'id': 'usa-today', 'name': 'USA Today'}, 'author': 'USA TODAY, Cydney Henderson, USA TODAY', 'title': ""Ivanka Trump, Melania Trump stun at President Trump's New Year's Eve party at Mar-a-Lago"", 'description': 'Ivanka Trump and Melania Trump are bringing in the new year in style.', 'url': 'https://www.usatoday.com/story/entertainment/celebrities/2019/12/31/ivanka-melania-trump-stun-president-trumps-new-year-eve-party/2788702001/?utm_source=google&utm_medium=amp&utm_campaign=speakable', 'urlToImage': 'https://www.gannett-cdn.com/presto/2019/12/10/USAT/17c4a3f3-2b61-4d9e-9abe-dcc72dc3b444-AP_Trump_7.JPG?crop=2603,1464,x1,y60&width=1600&height=800&fit=bounds', 'publishedAt': '2020-01-01T03:35:52Z', 'content': ""Ivanka Trump is bringing in the new year in style.\xa0\r\nThe mother of three and daughter\xa0of President Trump, 38, celebrated New Year's Eve with family and friends at\xa0Trump's annual New Year's Eve party at his Mar-a-Lago resort in Florida.\xa0\r\nIvanka was attired in… [+1070 chars]""}"
4,ok,11874,"{'source': {'id': 'time', 'name': 'Time'}, 'author': 'Tessa Berenson', 'title': '“Iran Appears To Be Standing Down.” President Trump De-Escalates Tension With Iran in Televised Address', 'description': 'After days of bellicose statements, conflicting messages and threats following the U.S. assassination of Iranian military general Qasem Soleimani, President Trump sought to de-escalate tension with Iran in a televised address on Wednesday. “Iran appears to be…', 'url': 'https://time.com/5761407/president-trump-iran-soleimani-address/', 'urlToImage': 'https://api.time.com/wp-content/uploads/2020/01/Donald-Trump-Iran-Press-Conference.jpg?quality=85&w=1200&h=628&crop=1', 'publishedAt': '2020-01-08T18:02:49Z', 'content': 'After days of bellicose statements, conflicting messages and threats following the U.S. assassination of Iranian military general Qasem Soleimani, President Trump sought to de-escalate tension with Iran in a televised address on Wednesday.\r\n“Iran appears to b… [+3472 chars]'}"
5,ok,11874,"{'source': {'id': 'time', 'name': 'Time'}, 'author': 'Ellen Knickmeyer / AP', 'title': 'The Trump Administration Is Almost Finished Rolling Back Protections for Millions of Miles of Streams and Wetlands', 'description': '(WASHINGTON) — The Trump administration was expected to announce completion as soon as Thursday of one of its most momentous environmental rollbacks, removing federal protections for millions of miles of the country’s streams, arroyos and wetlands. The change…', 'url': 'https://time.com/5770047/trump-administration-wetlands-rollback/', 'urlToImage': 'https://api.time.com/wp-content/uploads/2020/01/Wetlands.jpg?quality=85&w=1200&h=628&crop=1', 'publishedAt': '2020-01-23T08:30:22Z', 'content': '(WASHINGTON) — The Trump administration was expected to announce completion as soon as Thursday of one of its most momentous environmental rollbacks, removing federal protections for millions of miles of the country’s streams, arroyos and wetlands.\r\nThe chang… [+1930 chars]'}"
6,ok,11874,"{'source': {'id': 'time', 'name': 'Time'}, 'author': 'Associated Press', 'title': 'Trump Will Be First President to Speak at Anti-Abortion March for Life Rally', 'description': '(WASHINGTON) — The White House says President Donald Trump will become the first president to attend the annual anti-abortion gathering in Washington called the March for Life. Trump has made it a priority to embrace social conservatives, particularly on the …', 'url': 'https://time.com/5769965/trump-march-for-life-abortion/', 'urlToImage': 'https://api.time.com/wp-content/uploads/2020/01/March-for-Life.jpg?quality=85&w=1024&h=628&crop=1', 'publishedAt': '2020-01-23T01:40:32Z', 'content': '(WASHINGTON) — The White House says President Donald Trump will become the first president to attend the annual anti-abortion gathering in Washington called the March for Life.\r\nTrump has made it a priority to embrace social conservatives, particularly on the… [+893 chars]'}"
7,ok,11874,"{'source': {'id': 'time', 'name': 'Time'}, 'author': 'CHRISTOPHER RUGABER / AP', 'title': 'Trump Readies Two More Nominations to the Federal Reserve Board', 'description': ""President Donald Trump said he intends to nominate two people to serve on the Federal Reserve's Board of Governors"", 'url': 'https://time.com/5767056/trump-federal-reserve-judy-shelton-christopher-waller/', 'urlToImage': 'https://api.time.com/wp-content/uploads/2020/01/Judy_Shelton_federal_reserve_nomination.jpg?quality=85&crop=0px%2C22px%2C1024px%2C536px&resize=1200%2C628&strip', 'publishedAt': '2020-01-17T02:35:48Z', 'content': '(WASHINGTON) — President Donald Trump said Thursday that he intends to nominate two people to serve on the Federal Reserve’s Board of Governors, an institution he has repeatedly attacked for not cutting rates deeply enough.\r\nBoth were first named by Trump on … [+2570 chars]'}"
8,ok,11874,"{'source': {'id': 'time', 'name': 'Time'}, 'author': 'Jasmine Aguilera', 'title': 'Rod Rosenstein Authorized the Release of Text Messages Between FBI Employees Peter Strzok and Lisa Page: Court Filing', 'description': 'Rod Rosenstein authorized the leaking of private text messages between two former FBI employees critical to President Donald Trump.', 'url': 'https://time.com/5767861/rod-rosenstein-text-messages-fbi-peter-strzok-lisa-page/', 'urlToImage': 'https://api.time.com/wp-content/uploads/2020/01/Rod-Rosenstein-Texts.jpg?quality=85&w=1024&h=628&crop=1', 'publishedAt': '2020-01-18T21:05:01Z', 'content': 'Former Deputy Attorney General Rod Rosenstein authorized the leaking of private text messages between two former FBI employees critical to President Donald Trump, according to a Justice Department court filing released late Friday night.\r\nThe text messages, l… [+1335 chars]'}"
9,ok,11874,"{'source': {'id': 'time', 'name': 'Time'}, 'author': 'Lisa Mascar, Eric Tucker and Zeke Miller / AP', 'title': 'Trump Says He’s Open to New Witnesses at Impeachment Trial –– But Quickly Backtracks', 'description': ""President Trump said he's open to new witnesses at his impeachment trial, then immediately backtracked, suggesting it could never happen."", 'url': 'https://time.com/5769647/trump-backtracks-new-witnesses-impeachment-trial/', 'urlToImage': 'https://api.time.com/wp-content/uploads/2020/01/Donald-trump-new-witness-impeachment.jpg?quality=85&w=1024&h=628&crop=1', 'publishedAt': '2020-01-22T17:57:51Z', 'content': '(WASHINGTON) — President Donald Trump said Wednesday he’s open to new witnesses at his impeachment trial, a major demand by Democratic prosecutors, but he immediately backtracked, suggesting it could never happen despite what he said was his willingness.\r\nSep… [+6528 chars]'}"
10,ok,11874,"{'source': {'id': 'time', 'name': 'Time'}, 'author': 'Josiah Bates', 'title': '21 States File Lawsuit Against Trump Administration Over ‘Dangerous’ Changes to Federal Firearm Regulations', 'description': '21 states are suing the Trump administration for weakening federal oversight of 3D-printed guns, firearm and ammunition exports', 'url': 'https://time.com/5770589/21-states-lawsuit-trump-printed-guns/', 'urlToImage': 'https://api.time.com/wp-content/uploads/2020/01/trump-admin-3d-printed-guns-lawsuit.jpg?quality=85&w=1200&h=628&crop=1', 'publishedAt': '2020-01-24T19:18:16Z', 'content': '21 states across the country, from New York to Hawaii, are suing the Trump administration for weakening federal oversight of firearm and ammunition exports, a move which the states say will provide easier access to the technology needed for 3D-printed guns — … [+6547 chars]'}"
11,ok,11874,"{'source': {'id': 'time', 'name': 'Time'}, 'author': 'Mahita Gajanan', 'title': 'Florida University Names ‘Exquisite Human Being’ Melania Trump As Its 2020 ‘Woman of Distinction’', 'description': 'First Lady Melania Trump is set to be recognized by Palm Beach Atlantic University as its 2020 ""Woman of Distinction.""', 'url': 'https://time.com/5762733/melania-trump-palm-beach-atlantic-university/', 'urlToImage': 'https://api.time.com/wp-content/uploads/2020/01/melania-trump-palm-beach-atlantic-university.jpg?quality=85&w=1024&h=628&crop=1', 'publishedAt': '2020-01-10T14:03:54Z', 'content': 'First Lady Melania Trump is set to be recognized by Palm Beach Atlantic University as its 2020 “Woman of Distinction.”\r\nThe university typically fetes two women who have contributed to the community each year at an honorary luncheon, the Palm Beach Post repor… [+1408 chars]'}"
12,ok,11874,"{'source': {'id': 'time', 'name': 'Time'}, 'author': 'Jasmine Aguilera', 'title': 'Trump Administration Proposes Rollbacks to Obama-Era School Lunch Programs on Michelle Obama’s Birthday', 'description': ""The Trump Administration announced plans to roll-back Obama-era school lunch regulations on Michelle Obama's birthday."", 'url': 'https://time.com/5767825/usda-roll-backs-school-lunch-program/', 'urlToImage': 'https://api.time.com/wp-content/uploads/2020/01/Michelle-Obama-School-Lunch-USDA-Roll-Back.jpg?quality=85&w=1024&h=628&crop=1', 'publishedAt': '2020-01-18T16:32:52Z', 'content': 'The Trump Administration announced a proposed rule on Friday that would roll-back Obama-era school lunch regulations, allowing more flexibilities in the amount and types of fruits and vegetables served during lunch. The announcement was made on former First L… [+3013 chars]'}"
13,ok,11874,"{'source': {'id': 'bbc-news', 'name': 'BBC News'}, 'author': 'https://www.facebook.com/bbcnews', 'title': ""US election: 'Sanders said no woman could win', Warren says"", 'description': 'The progressive rivals offer sharply differing versions of what was said during a private meeting.', 'url': 'https://www.bbc.co.uk/news/world-us-canada-51101676', 'urlToImage': 'https://ichef.bbci.co.uk/news/1024/branded_news/131DB/production/_110499287_gettyimages-1158663361.jpg', 'publishedAt': '2020-01-14T02:30:01Z', 'content': 'Image copyrightGetty ImagesImage caption\r\n Ms Warren and Mr Sanders are due to take part in the Democratic debate on Tuesday\r\nDemocratic candidate Elizabeth Warren claims rival Bernie Sanders told her a woman could not win the 2020 election. \r\nMs Warren said … [+1926 chars]'}"
14,ok,11874,"{'source': {'id': 'bbc-news', 'name': 'BBC News'}, 'author': 'https://www.facebook.com/bbcnews', 'title': ""Greta Thunberg changes Twitter name to 'Sharon' after game show error"", 'description': 'It was a playful nod to actor Amanda Henderson, whose answer to a game show question went viral.', 'url': 'https://www.bbc.co.uk/news/world-europe-50989594', 'urlToImage': 'https://ichef.bbci.co.uk/news/1024/branded_news/133C4/production/_110388787_32dde7f6-fa77-49f8-ac90-b92517800589.jpg', 'publishedAt': '2020-01-03T22:16:00Z', 'content': ""Image copyrightTwitter\r\nGreta Thunberg has changed her name to Sharon on Twitter, in honour of a game show contestant who appeared to have no idea who she was.\r\nWhile appearing on BBC's Celebrity Mastermind, actor Amanda Henderson was asked to name the teenag… [+2018 chars]""}"
15,ok,11874,"{'source': {'id': 'bbc-news', 'name': 'BBC News'}, 'author': 'https://www.facebook.com/bbcnews', 'title': 'Hundreds of US-bound migrants cross river to reach Mexico', 'description': 'The Mexican National Guard tries to block entry to the ""caravan"" hoping to reach the US.', 'url': 'https://www.bbc.co.uk/news/world-latin-america-51180456', 'urlToImage': 'https://ichef.bbci.co.uk/news/1024/branded_news/101F6/production/_110583066_mediaitem110583035.jpg', 'publishedAt': '2020-01-20T21:04:23Z', 'content': 'Image copyrightAFP\r\nHundreds of migrants have waded into a river on the southern Mexico border as they try to reach the United States. \r\nThe migrants, mainly from Honduras, took to the water after being refused permission to cross a bridge over the Suchiate r… [+2606 chars]'}"
16,ok,11874,"{'source': {'id': 'the-washington-post', 'name': 'The Washington Post'}, 'author': 'Joseph Marks, Juliet Eilperin, Drew Harwell', 'title': 'Defense Secretary Esper said he ‘didn’t see’ evidence of an Iranian plot to attack four embassies - The Washington Post', 'description': 'Defense Secretary Esper said he ‘didn’t see’ evidence of an Iranian plot to attack four embassies The Washington Post Coons: Trump gave Laura Ingraham more info on Soleimani strike than Senate got Fox News Esper Says He ‘Didn’t See’ Specific Evidence Iranians…', 'url': 'https://www.washingtonpost.com/nation/2020/01/12/defense-secretary-esper-said-he-didnt-see-evidence-an-iranian-plot-attack-four-embassies/', 'urlToImage': 'https://www.washingtonpost.com/resizer/sUe1GUejVKxgFpQe7mA8571WQ10=/1440x0/smart/arc-anglerfish-washpost-prod-washpost.s3.amazonaws.com/public/SFWAN2BSIUI6VFY3IO7MH74YMA.jpg', 'publishedAt': '2020-01-12T17:07:00Z', 'content': 'On Friday, Trump said Iranian Maj. Gen. Qasem Soleimani, killed by a U.S. drone strike, had been planning attacks on four U.S. embassies, a claim made to justify the decision.\r\nThat assertion was at odds with intelligence assessments from senior administratio… [+4168 chars]'}"
17,ok,11874,"{'source': {'id': 'google-news', 'name': 'Google News'}, 'author': 'tkelley@businessinsider.com (Trista Kelley), Trista Kelley', 'title': ""Goldman Sachs says 'gold is a better hedge than oil' as Trump-Iran tensions heat up"", 'description': 'REUTERS/Arnd Wiegmann Goldman Sachs says gold is the better investment compared with oil in times of geopolitical strife. Oil price ""risks are skewed to the downside in coming weeks,"" the bank said, while ""additional escalation in US-Iranian tensions could fu…', 'url': 'http://feedproxy.google.com/~r/businessinsider/~3/2_HkPHAT-kY/goldman-sachs-gold-better-hedge-than-oil-trump-iran-tensions-2020-1', 'urlToImage': None, 'publishedAt': '2020-01-06T10:44:09Z', 'content': None}"
18,ok,11874,"{'source': {'id': 'time', 'name': 'Time'}, 'author': 'ROBERT BURNS / AP', 'title': 'Trump Administration Seeks to Amplify Dissent in Iran Amid Turmoil', 'description': 'The Trump administration on Sunday tried to amplify voices of dissent in Iran by suggesting that the Islamic Republic is under threat.', 'url': 'https://time.com/5763480/trump-dissent-iran-threats/', 'urlToImage': 'https://api.time.com/wp-content/uploads/2020/01/iran-united-states-military.jpg?quality=85&w=1024&h=628&crop=1', 'publishedAt': '2020-01-12T15:57:00Z', 'content': '(WASHINGTON) — The Trump administration on Sunday tried to amplify voices of dissent in Iran by suggesting that the Islamic Republic is under internal threat after denying and then admitting it shot down a Ukrainian passenger plane.\r\nDefense Secretary Mark Es… [+4000 chars]'}"
19,ok,11874,"{'source': {'id': 'time', 'name': 'Time'}, 'author': 'Tara Law', 'title': 'Trump Spiritual Advisor Calls for Miscarriage of ‘Satanic Pregnancies’', 'description': 'Televangelist Paula White, is facing criticism after praying for the miscarriage of “all Satanic pregnancies.”', 'url': 'https://time.com/5771920/trump-paula-white-miscarriage-satanic-pregnancies/', 'urlToImage': 'https://api.time.com/wp-content/uploads/2020/01/GettyImages-1024698342.jpg?quality=85&w=1024&h=628&crop=1', 'publishedAt': '2020-01-26T21:16:34Z', 'content': 'President Donald Trump’s personal pastor, the televangelist Paula White, is facing criticism after praying for the miscarriage of “all Satanic pregnancies” during a sermon earlier this month.\r\nDuring a Jan. 5 sermon, White asked Jesus Christ to cause the preg… [+1445 chars]'}"
0,ok,11874,"{'source': {'id': 'time', 'name': 'Time'}, 'author': 'Jasmine Aguilera', 'title': 'GOP Senator: President Trump ‘Not a Role Model For Young People’', 'description': ""In an interview with Face The Nation, Republican Senator James Lankford of Oklahoma said Trump isn't a good role model for young people"", 'url': 'https://time.com/5757125/gop-senator-lankford-trump-not-role-model/', 'urlToImage': 'https://api.time.com/wp-content/uploads/2019/12/James-Lankford-Faith-Trump-Role-Model.jpg?quality=85&w=1024&h=628&crop=1', 'publishedAt': '2019-12-31T17:27:50Z', 'content': 'In an interview with CBS’s Face The Nation, Republican Senator James Lankford of Oklahoma said he does not consider President Donald Trump to be a good role model for young people.\r\nIn a 30-minute long interview primarily about faith in politics, Lankford tol… [+1808 chars]'}"
1,ok,11874,"{'source': {'id': 'time', 'name': 'Time'}, 'author': 'MATTHEW DALY / AP', 'title': 'GOP Sen. Susan Collins Says She’s Open to Calling Impeachment Witnesses', 'description': ""Republican Sen. Susan Collins of Maine says she's open to calling witnesses as part of the Senate impeachment trial of President Trump."", 'url': 'https://time.com/5757216/susan-collins-impeachment-witnesses/', 'urlToImage': 'https://api.time.com/wp-content/uploads/2019/12/susan-collins-impeachment.jpg?quality=85&w=1200&h=628&crop=1', 'publishedAt': '2019-12-31T19:01:52Z', 'content': '(WASHINGTON) — Republican Sen. Susan Collins of Maine says she’s open to calling witnesses as part of the Senate impeachment trial of President Donald Trump, but she says it is “premature” to decide who should be called until senators see the evidence that is… [+2538 chars]'}"
2,ok,11874,"{'source': {'id': 'time', 'name': 'Time'}, 'author': 'ALI ZERDIN / AP', 'title': 'Arsonists Set Fire to Controversial Statue of Donald Trump in Slovenia', 'description': 'A wooden statue of ""two-faced"" U.S. President Donald Trump was burned to the ground in Slovenia. Police are looking for those responsible', 'url': 'https://time.com/5762113/wooden-statue-vampire-trump-burned-slovenia/', 'urlToImage': 'https://api.time.com/wp-content/uploads/2020/01/trump-statue-burned-slovenia.jpg?quality=85&w=1200&h=628&crop=1', 'publishedAt': '2020-01-09T12:54:57Z', 'content': '(LJUBLJANA, Slovenia) — A wooden statue mocking U.S. President Donald Trump was burned to the ground Thursday in Slovenia, the birthplace of his wife Melania, authorities said.\r\nThe nearly eight-meter (26-foot) high construction, erected last year in a villag… [+1733 chars]'}"
3,ok,11874,"{'source': {'id': 'time', 'name': 'Time'}, 'author': 'Tali Arbel, Barbara Ortutay and Joseph Pisani / AP', 'title': 'Ivanka Trump’s Appearance at CES Tech Show Draws Criticism', 'description': 'The annual consumer tech show Tuesday hosted Ivanka Trump as a keynote speaker — a choice that drew scorn from many women in technology.', 'url': 'https://time.com/5761332/ivanka-trump-ces-2020/', 'urlToImage': 'https://api.time.com/wp-content/uploads/2020/01/Ivanka-Trump-CES-2020.jpg?quality=85&crop=0px%2C151px%2C3600px%2C1885px&resize=1200%2C628&strip', 'publishedAt': '2020-01-08T15:52:54Z', 'content': '(LAS VEGAS) — The nation’s largest consumer electronics show on Tuesday hosted Ivanka Trump as a keynote speaker — a choice that drew scorn from many women in technology.\r\nThe annual CES tech gathering in Las Vegas has long taken criticism over diversity issu… [+3975 chars]'}"
4,ok,11874,"{'source': {'id': 'time', 'name': 'Time'}, 'author': 'LISA MASCARO, ALAN FRAM, MARY CLARE JALONICK and LAURIE KELLMAN / AP', 'title': 'Short of Necessary Votes, Senate GOP ‘Not Interested’ in Outright Dismissal of President Trump’s Impeachment Trial Before it Begins', 'description': 'President Trump has suggested he might prefer simply dismissing a Senate trial, but Majority Leader Mitch McConnell does not have the votes', 'url': 'https://time.com/5764445/senate-trump-impeachment-trial-dismissal/', 'urlToImage': 'https://api.time.com/wp-content/uploads/2020/01/mcconnell-senate-impeachment-dismissal.jpg?quality=85&w=1200&h=628&crop=1', 'publishedAt': '2020-01-14T13:27:33Z', 'content': '(WASHINGTON) — Senate Republicans signaled they would reject the idea of simply voting to dismiss the articles of impeachment against President Donald Trump as the House prepares to send the charges to the chamber for the historic trial. “I think our members,… [+4291 chars]'}"
5,ok,11874,"{'source': {'id': 'time', 'name': 'Time'}, 'author': 'Jill Colvin / AP', 'title': 'President Trump Minimizes Severity of Troop Head Injuries in Iran Missile Attacks', 'description': ""President Donald Trump Wednesday said the head injuries sustained by U.S. troops during an Iranian missile strike were 'not very serious.'"", 'url': 'https://time.com/5769815/donald-trump-iran-troop-head-injuries/', 'urlToImage': 'https://api.time.com/wp-content/uploads/2020/01/Donald-Trump-Iran-Troop-head-injuries.jpg?quality=85&crop=0px%2C0px%2C5472px%2C2864px&resize=1200%2C628&strip', 'publishedAt': '2020-01-22T22:03:01Z', 'content': '(WASHINGTON) — President Donald Trump on Wednesday minimized the severity of head injuries sustained by U.S. troops during an Iranian missile strike on an Iraqi air base as he was pressed on why he had claimed no troops were injured in the attack.\r\n“I heard t… [+4045 chars]'}"
6,ok,11874,"{'source': {'id': 'time', 'name': 'Time'}, 'author': 'Jill Colvin / AP', 'title': 'Trump to Become First Sitting President to Attend ‘March for Life’ Anti-Abortion Rally', 'description': ""In unprecedented move, President Donald Trump will address attendees of the annual anti-abortion rally 'March for Life' this Friday in D.C."", 'url': 'https://time.com/5771064/trump-march-for-life/', 'urlToImage': 'https://api.time.com/wp-content/uploads/2020/01/President-trump-march-for-life.jpg?quality=85&crop=0px%2C67px%2C3837px%2C2009px&resize=1200%2C628&strip', 'publishedAt': '2020-01-24T16:00:41Z', 'content': '(WASHINGTON) — It was just four years ago that a political committee supporting one of Donald Trump’s Republican rivals unveiled an ad slamming his views on abortion, complete with footage from a 1999 interview in which he declared, “I am pro-choice in every … [+7011 chars]'}"
7,ok,11874,"{'source': {'id': 'time', 'name': 'Time'}, 'author': 'KEVIN FREKING / AP', 'title': 'President Trump Gets Big Cheers at College Football Title Game', 'description': 'Fans of both Louisiana State University and Clemson cheered when Donald Trump walked onto the field for the singing of the National Anthem', 'url': 'https://time.com/5764360/trump-cheered-college-football-title-game/', 'urlToImage': 'https://api.time.com/wp-content/uploads/2020/01/trump-college-football.jpg?quality=85&w=1200&h=628&crop=1', 'publishedAt': '2020-01-14T07:25:15Z', 'content': '(NEW ORLEANS) — President Donald Trump turned sports fan for an evening as he watched No. 1 Louisiana State University and No. 3 Clemson battle it out in the College Football Playoff championship.\r\nTrump flew to Louisiana for Monday’s night’s game at the Supe… [+2292 chars]'}"
8,ok,11874,"{'source': {'id': 'time', 'name': 'Time'}, 'author': 'Molly Ball', 'title': 'We’ve Upped the Ante.’ Why Nancy Pelosi Is Going All in Against Trump', 'description': 'Nancy Pelosi has spent decades rising to the top in Congress. But with the Trump White House, the past year has been her most consequential.', 'url': 'https://time.com/5762021/nancy-pelosi-trump-impeachment-gamble/', 'urlToImage': 'https://api.time.com/wp-content/uploads/2020/01/speaker-nancy-pelosi-trump-impeachment-08.jpg?quality=85', 'publishedAt': '2020-01-09T11:05:09Z', 'content': 'Nancy Pelosi isn’t wild about the question. The impeachment of President Donald Trump is under way, and I’ve asked the Speaker of the House if she thinks it’s the most important thing she’ll ever do. We’re sitting in her elegant office in the Capitol, on gold… [+26015 chars]'}"
9,ok,11874,"{'source': {'id': 'time', 'name': 'Time'}, 'author': 'Lisa Mascaro, Alan Fram, Mary Clare Jalonick and Laurie Kellman / AP', 'title': 'House Plans Wednesday Vote to Send Articles of Impeachment to Senate', 'description': 'The House set a Wednesday vote to send the articles of impeachment\xa0against Donald Trump to the Senate and start the impeachment trial.', 'url': 'https://time.com/5764710/house-vote-impeachment-trial-senate/', 'urlToImage': 'https://api.time.com/wp-content/uploads/2020/01/Nancy-Pelosi-Adam-Schiff-impeachment-trial.jpg?quality=85&crop=0px%2C32px%2C2993px%2C1567px&resize=1200%2C628&strip', 'publishedAt': '2020-01-14T18:04:28Z', 'content': '(WASHINGTON) — After weeks of delay and strategizing, the U.S. House is planning to vote Wednesday to send the articles of impeachment against President Donald Trump to the Senate to start the trial on removing him from office.\r\nSpeaker Nancy Pelosi met priva… [+5392 chars]'}"
10,ok,11874,"{'source': {'id': 'time', 'name': 'Time'}, 'author': 'Associated Press', 'title': 'U.S. Bans Charter Flights to Cuban Cities Outside Havana', 'description': 'The Trump administration is banning charter flights to Cuban cities besides Havana in a new tightening of U.S. restrictions on the island.', 'url': 'https://time.com/5763099/cuba-charter-flight-ban/', 'urlToImage': 'https://api.time.com/wp-content/uploads/2020/01/Mike-Pompeo-Cuba-charter-flight-ban.jpg?quality=85&w=1024&h=628&crop=1', 'publishedAt': '2020-01-10T20:59:06Z', 'content': '(HAVANA) — The Trump administration is banning charter flights to Cuban cities besides Havana in a new tightening of U.S. restrictions on the island.\r\nIn October, the administration banned commercial flights to cities outside the capital.\r\nThe State Departmen… [+1034 chars]'}"
11,ok,11874,"{'source': {'id': 'time', 'name': 'Time'}, 'author': 'MARK SHERMAN / AP', 'title': 'Supreme Court Allows Policy Used to Deny Green Cards Over Use of Public Benefits', 'description': 'A divided Supreme Court on Monday allowed the Trump administration to deny green cards to immigrants based on their use of public benefits.', 'url': 'https://time.com/5772546/supreme-court-trump-green-cards/', 'urlToImage': 'https://api.time.com/wp-content/uploads/2020/01/supreme-court-green-card-ruling.jpg?quality=85&w=1200&h=628&crop=1', 'publishedAt': '2020-01-27T18:54:12Z', 'content': '(WASHINGTON) — A divided Supreme Court on Monday allowed the Trump administration to put in place a policy connecting the use of public benefits with whether immigrants could become permanent residents.\r\nThe new policy can be used to deny green cards to immig… [+1440 chars]'}"
12,ok,11874,"{'source': {'id': 'time', 'name': 'Time'}, 'author': 'ARON HELLER and DEB RIECHMANN / AP', 'title': 'President Trump Remains Positive About Mideast Peace Deal After Meetings With Israeli Leaders', 'description': 'Trump said Monday that while the Palestinians have rejected his proposed peace deal, he expects they ultimately will agree to the blueprint.', 'url': 'https://time.com/5772705/trump-palestine-mideast-peace-deal/', 'urlToImage': 'https://api.time.com/wp-content/uploads/2020/01/trump-israel-peace-plan.jpg?quality=85&w=1200&h=628&crop=1', 'publishedAt': '2020-01-27T21:45:04Z', 'content': '(WASHINGTON) — President Donald Trump said Monday that while the Palestinians have already rejected his proposed Mideast peace deal, he expects they ultimately will agree to the blueprint the White House plans to announce following meetings with Israeli Prime… [+6828 chars]'}"
13,ok,11874,"{'source': {'id': 'time', 'name': 'Time'}, 'author': 'Jamie Ducharme', 'title': 'Trump Administration Announces Stripped-Down Regulations on Flavored Vaping Products', 'description': 'The Trump Administration on Jan. 2 announced that it will remove some—but not all—flavored e-cigarette products from the U.S. market, in a compromise that has sparked criticism from both vaping advocates and adversaries. The new plan applies to the cartridge-…', 'url': 'https://time.com/5758004/flavored-vape-ban/', 'urlToImage': 'https://api.time.com/wp-content/uploads/2020/01/juul.jpg?quality=85&w=1024&h=628&crop=1', 'publishedAt': '2020-01-02T20:49:49Z', 'content': 'The Trump Administration on Jan. 2 announced that it will remove some—but not all—flavored e-cigarette products from the U.S. market, in a compromise that has sparked criticism from both vaping advocates and adversaries.\r\nThe new plan applies to the cartridge… [+4543 chars]'}"
14,ok,11874,"{'source': {'id': 'time', 'name': 'Time'}, 'author': 'DAVID KLEPPER and AMANDA SEITZ / AP', 'title': 'Bot or Not? Mystery Over Anonymous User Retweeted by Trump', 'description': 'Social media analysts have questioned the Twitter account Surfermom77, noting that it bears the hallmarks of a social media bot.', 'url': 'https://time.com/5756958/whistleblower-trump-tweet/', 'urlToImage': 'https://api.time.com/wp-content/uploads/2019/12/AP19364819700941.jpg?quality=85&w=1200&h=628&crop=1', 'publishedAt': '2019-12-31T01:47:11Z', 'content': 'CHICAGO (AP) — The Twitter user goes by Gigi, though sometimes Sophia, Emma or Leona. The occupation is listed at various times as teacher, historian, documentary writer and model. There’s been speculation about whether this person is really a woman — or even… [+4401 chars]'}"
15,ok,11874,"{'source': {'id': 'time', 'name': 'Time'}, 'author': 'Associated Press', 'title': 'Trump: Iran’s Qasem Soleimani ‘Should Have Been Taken Out Many Years Ago’', 'description': '(PALM BEACH, Fla.) — President Donald Trump said Friday that the targeted killing of Iranian Gen. Qasem Soleimani was ordered because he was “plotting to kill” many Americans. In his first comments since the early Friday strike against the head of Iran’s elit…', 'url': 'https://time.com/5758386/trump-tweets-iran-qasem-soleimani-statement/', 'urlToImage': 'https://api.time.com/wp-content/uploads/2020/01/trump-soleimani-tweet.jpg?quality=85&w=1200&h=628&crop=1', 'publishedAt': '2020-01-03T15:15:47Z', 'content': '(PALM BEACH, Fla.) — President Donald Trump said Friday that the targeted killing of Iranian Gen. Qasem Soleimani was ordered because he was “plotting to kill” many Americans.\r\nIn his first comments since the early Friday strike against the head of Iran’s eli… [+940 chars]'}"
16,ok,11874,"{'source': {'id': 'time', 'name': 'Time'}, 'author': 'Alana Abramson', 'title': 'House Impeachment Managers Gird for Uphill Battle In Senate Trial', 'description': 'Over the long weekend, House impeachment managers huddled in House Speaker Nancy Pelosi’s office in the heart of the Capitol, hammering out the strategy to make their case against President Donald Trump on the Senate floor on Wednesday. They honed and filed d…', 'url': 'https://time.com/5768535/impeachment-managers-gird-for-battle-in-senate-trial/', 'urlToImage': 'https://api.time.com/wp-content/uploads/2020/01/GettyImages-1194063151.jpg?quality=85&w=1024&h=628&crop=1', 'publishedAt': '2020-01-22T09:23:31Z', 'content': 'Over the long weekend, House impeachment managers huddled in House Speaker Nancy Pelosi’s office in the heart of the Capitol, hammering out the strategy to make their case against President Donald Trump on the Senate floor on Wednesday. They honed and filed d… [+5566 chars]'}"
17,ok,11874,"{'source': {'id': 'time', 'name': 'Time'}, 'author': 'Alana Abramson', 'title': 'House Democrats Try to Convince Senate Republicans Trump Comprised National Security — To No Avail', 'description': '“I have news for everybody,” Mick Mulvaney told the world on Oct. 17, weeks after House Democrats launched a formal impeachment inquiry into President Donald Trump. “Get over it. There is going to be political influence in foreign policy.” In pressuring Ukrai…', 'url': 'https://time.com/5770722/democrats-national-security-trump-trial/', 'urlToImage': 'https://api.time.com/wp-content/uploads/2020/01/adam-schiff-impeachment-trial.jpg?quality=85&w=1200&h=628&crop=1', 'publishedAt': '2020-01-23T23:36:14Z', 'content': '“I have news for everybody,” Mick Mulvaney told the world on Oct. 17, weeks after House Democrats launched a formal impeachment inquiry into President Donald Trump. “Get over it. There is going to be political influence in foreign policy.” In pressuring Ukrai… [+5354 chars]'}"
18,ok,11874,"{'source': {'id': 'time', 'name': 'Time'}, 'author': 'Jonathan Lemire & Elana Schor/ AP', 'title': 'Trump Portrays Himself as Defender of Faith for Evangelical Supporters at Miami Rally', 'description': '(MIAMI) — Highlighting his record on religious liberty, President Donald Trump on Friday worked to energize a group of evangelical supporters who make up an influential piece of his political base that could prove vital in battleground states. Trump spoke to …', 'url': 'https://time.com/5758805/trump-rally-miami-evangelical/', 'urlToImage': 'https://api.time.com/wp-content/uploads/2020/01/Trump-miami-rally-megachurch.jpg?quality=85&w=1024&h=628&crop=1', 'publishedAt': '2020-01-04T00:27:04Z', 'content': '(MIAMI) — Highlighting his record on religious liberty, President Donald Trump on Friday worked to energize a group of evangelical supporters who make up an influential piece of his political base that could prove vital in battleground states.\r\nTrump spoke to… [+5149 chars]'}"
19,ok,11874,"{'source': {'id': 'time', 'name': 'Time'}, 'author': 'Alana Abramson', 'title': 'House Impeachment Managers Gird for Uphill Battle In Senate Trial', 'description': 'Over the long weekend, House impeachment managers huddled in House Speaker Nancy Pelosi’s office in the heart of the Capitol, hammering out the strategy to make their case against President Donald Trump on the Senate floor on Wednesday. They honed and filed d…', 'url': 'https://time.com/5768535/democrat-impeachment-managers-case/', 'urlToImage': 'https://api.time.com/wp-content/uploads/2020/01/GettyImages-1194063151.jpg?quality=85&w=1024&h=628&crop=1', 'publishedAt': '2020-01-22T09:23:31Z', 'content': 'Over the long weekend, House impeachment managers huddled in House Speaker Nancy Pelosi’s office in the heart of the Capitol, hammering out the strategy to make their case against President Donald Trump on the Senate floor on Wednesday. They honed and filed d… [+5566 chars]'}"
0,ok,11874,"{'source': {'id': 'time', 'name': 'Time'}, 'author': 'Zeke Miller, Colleen Long, Mike Balsamo and Lynn Berry / AP', 'title': 'President Trump Asks How Long Ukraine Can Resist Russian Aggression in Newly Surfaced Recording', 'description': 'President Trump inquired how long Ukraine would be able to resist Russian aggression without U.S. assistance during a 2018 meeting with donors.', 'url': 'https://time.com/5771776/trump-donors-recording-ukraine/', 'urlToImage': 'https://api.time.com/wp-content/uploads/2020/01/Rudy-Giuliani-Lev-Parnas.jpg?quality=85&crop=0px%2C555px%2C4508px%2C2359px&resize=1200%2C628&strip', 'publishedAt': '2020-01-25T22:04:01Z', 'content': '(WASHINGTON) — President Donald Trump inquired how long Ukraine would be able to resist Russian aggression without U.S. assistance during a 2018 meeting with donors that included the indicted associates of his personal attorney Rudy Giuliani.\r\n“How long would… [+2044 chars]'}"
1,ok,11874,"{'source': {'id': 'bbc-news', 'name': 'BBC News'}, 'author': 'https://www.facebook.com/bbcnews', 'title': 'Tom Steyer: What is the symbol he draws on his hand?', 'description': ""Tom Steyer's scribbles have historic significance - and a murkier modern-day meaning."", 'url': 'https://www.bbc.co.uk/news/world-us-canada-51118025', 'urlToImage': 'https://ichef.bbci.co.uk/news/1024/branded_news/12913/production/_110515067_mediaitem110515066.jpg', 'publishedAt': '2020-01-15T13:18:05Z', 'content': ""Image copyrightAFP/Getty ImagesImage caption\r\n The symbol started to appear on Tom Steyer's hand in late 2017. He's not the only person to adopt it.\r\nIn between the frontrunners during the Democratic debate on Tuesday stood Tom Steyer. You might have spotted … [+5715 chars]""}"
2,ok,11874,"{'source': {'id': 'time', 'name': 'Time'}, 'author': 'Time', 'title': 'John Bolton Book Reportedly Claims President Trump Tied Ukraine Funds to Investigation', 'description': '(WASHINGTON) — President Donald Trump said he wanted to maintain a freeze on military assistance to Ukraine until it aided political investigations into his Democratic rivals, former national security adviser John Bolton recounts in a draft of his forthcoming…', 'url': 'https://time.com/5772168/john-bolton-book-trump-ukraine/', 'urlToImage': 'https://api.time.com/wp-content/uploads/2020/01/john-bolton.jpg?quality=85&w=1024&h=628&crop=1', 'publishedAt': '2020-01-27T05:51:04Z', 'content': '(WASHINGTON) — President Donald Trump said he wanted to maintain a freeze on military assistance to Ukraine until it aided political investigations into his Democratic rivals, former national security adviser John Bolton recounts in a draft of his forthcoming… [+4320 chars]'}"
3,ok,11874,"{'source': {'id': 'time', 'name': 'Time'}, 'author': 'Michael Kunzelman / AP', 'title': 'Federal Judge Blocks Trump’s Executive Order Giving States ‘Veto Power’ to Reject Refugees', 'description': ""The Trump administration can't give state governments the “veto power” to reject refugees from resettling, a federal judge ruled Wednesday."", 'url': 'https://time.com/5765676/trump-refugee-executive-order-blocked/', 'urlToImage': 'https://api.time.com/wp-content/uploads/2020/01/Trump-refugee-resettlement-blocked.jpg?quality=85&crop=0px%2C102px%2C4032px%2C2111px&resize=1200%2C628&strip', 'publishedAt': '2020-01-15T19:44:26Z', 'content': '(SILVER SPRING, Md.) — The Trump administration can’t give state and local governments the “veto power” to reject refugees from resettling within their borders, a federal judge ruled Wednesday.\r\nU.S. District Judge Peter Messitte agreed to block the Trump adm… [+4969 chars]'}"
4,ok,11874,"{'source': {'id': 'time', 'name': 'Time'}, 'author': 'Associated Press', 'title': 'Trump at Davos Boasts U.S. Economy ‘Nothing Short of Spectacular’ as Senate Trial Resumes', 'description': 'Trump addressed the annual World Economic Forum in Davos, Switzerland, hours before his historic impeachment trial was to reconvene', 'url': 'https://time.com/5768632/donald-trump-davos-u-s-economy/', 'urlToImage': 'https://api.time.com/wp-content/uploads/2020/01/donald_trump_davos.jpg?quality=85&w=1024&h=628&crop=1', 'publishedAt': '2020-01-21T11:21:31Z', 'content': '(DAVOS, Switzerland) — President Donald Trump sought Tuesday to sell the United States to the global business community, telling an economic conference in the Swiss Alps that America’s economic turnaround has been “nothing short of spectacular.”\r\nTrump addres… [+5498 chars]'}"
5,ok,11874,"{'source': {'id': 'time', 'name': 'Time'}, 'author': 'Time', 'title': 'Denver Officials Won’t Hand Over Information Requested by ICE', 'description': 'The subpoenas sent to Denver officials mark an escalation between the Trump administration and so-called sanctuary cities', 'url': 'https://time.com/5767065/ice-subpoenas-denver-sanctuary-city/', 'urlToImage': 'https://api.time.com/wp-content/uploads/2020/01/ICE_subpoenas_denver_sanctuary_city.jpg?quality=85&crop=0px%2C39px%2C1024px%2C536px&resize=1200%2C628&strip', 'publishedAt': '2020-01-17T05:18:18Z', 'content': '(WASHINGTON) — Denver officials on Thursday said they would not hand over information requested by U.S. Immigration and Customs Enforcement on four men wanted for deportation.\r\nICE, the Homeland Security agency tasked with arresting and deporting people in th… [+2780 chars]'}"
6,ok,11874,"{'source': {'id': 'time', 'name': 'Time'}, 'author': 'Time', 'title': 'Trump Administration Hits Russian Railway With Sanctions Over Passenger Service to Crimea', 'description': 'The Trump administration imposed sanctions on a Moscow-based private railway company that opened passenger service between Russia and Crimea', 'url': 'https://time.com/5774185/trump-administration-hits-russian-railway-with-sanctions-over-passenger-service-to-crimea/', 'urlToImage': 'https://api.time.com/wp-content/uploads/2020/01/sanctions_russia_railway_crimea.jpg?quality=85&crop=0px%2C0px%2C1024px%2C536px&resize=1200%2C628&strip', 'publishedAt': '2020-01-30T02:30:14Z', 'content': '(WASHINGTON) — The Trump administration on Wednesday imposed sanctions on a Moscow-based private railway company that last month opened passenger service between Russia and Crimea, a Ukrainian peninsula that Russia annexed in 2014.\r\nThe sanctions target Grand… [+1556 chars]'}"
7,ok,11874,"{'source': {'id': 'usa-today', 'name': 'USA Today'}, 'author': 'USA TODAY, Sally Kohn, Opinion columnist', 'title': 'Citizens United paved the way for Trump. Ousting Trump will let us end Citizens United.', 'description': 'Impeachment is how we defend our Constitution. Ending Citizens United is how we take democracy back.', 'url': 'https://www.usatoday.com/story/opinion/2020/01/21/citizens-united-anniversary-trump-impeachment-corporations-campaign-donations-finance-column/4523904002/?utm_source=google&utm_medium=amp&utm_campaign=speakable', 'urlToImage': 'https://www.gannett-cdn.com/-mm-/9e1f6e2ee20f44aa1f3be4f71e9f3e52b6ae2c7e/c=0-110-2121-1303/local/-/media/2020/01/16/USATODAY/usatsports/cash-gettyimages-504240346.jpg?width=1600&height=800&fit=crop', 'publishedAt': '2020-01-21T09:00:02Z', 'content': 'Impeachment is how we defend our Constitution. Ending Citizens United is how we take democracy back.\r\nIt just so happens that opening arguments in the Senate impeachment trial against President Donald Trump are expected to get underway on the exact same day t… [+6180 chars]'}"
8,ok,11874,"{'source': {'id': 'the-wall-street-journal', 'name': 'The Wall Street Journal'}, 'author': 'Patience Haggin, Suzanne Vranica', 'title': 'President Trump, Michael Bloomberg Release Dueling Super Bowl Ads - The Wall Street Journal', 'description': ""President Trump, Michael Bloomberg Release Dueling Super Bowl Ads The Wall Street Journal The Martians from 'Mars Attacks!' Appear in Walmart's Sci-fi Super Bowl Commercial! Bloody Disgusting What a $5.6m Super Bowl buy can purchase in digital media in 2020 D…"", 'url': 'https://www.wsj.com/articles/president-trump-michael-bloomberg-buy-super-bowl-ads-11580408474', 'urlToImage': 'https://images.wsj.net/im-149153/social', 'publishedAt': '2020-01-30T19:19:00Z', 'content': 'Michael Bloomberg will air a Super Bowl ad tackling gun violence, while President Trump will run one about the economy, as the billionaire presidential candidates place their campaigns in front of the years largest television audience.\r\nMr. Bloomberg plans to… [+220 chars]'}"
9,ok,11874,"{'source': {'id': 'time', 'name': 'Time'}, 'author': 'Kevin Freking / AP', 'title': 'Senate Passes New Trump-Backed U.S.-Canada-Mexico Trade Deal', 'description': 'The new measure will rewrite the rules of the previous agreement with Canada and Mexico and gives President Donald Trump a major policy win.', 'url': 'https://time.com/5766587/senate-passes-usmca-trade-deal/', 'urlToImage': 'https://api.time.com/wp-content/uploads/2020/01/MEXICO-US-CANADA-TRADE-AGREEMENT.jpg?quality=85&w=1024&h=615&crop=1', 'publishedAt': '2020-01-16T17:42:56Z', 'content': '(WASHINGTON) — The Senate overwhelmingly approved a new North American trade agreement Thursday that rewrites the rules of trade with Canada and Mexico and gives President Donald Trump a major policy win before senators turn their full attention to his impeac… [+3225 chars]'}"
10,ok,11874,"{'source': {'id': 'time', 'name': 'Time'}, 'author': 'Mahita Gajanan', 'title': 'How the Trump Impeachment Trial Rules Compare to Clinton’s Trial', 'description': ""Here's how President Trump's impeachment trial rules differ from the rules governing President Clinton's trial."", 'url': 'https://time.com/5768920/trump-impeachment-trial-rules/', 'urlToImage': 'https://api.time.com/wp-content/uploads/2020/01/mitch-mcconnell-senate-impeachment.jpg?quality=85&w=1024&h=628&crop=1', 'publishedAt': '2020-01-22T00:07:21Z', 'content': 'The impeachment trial of President Donald Trump began in earnest on Tuesday with a fight in the Senate over the rules that will guide the proceedings.\r\nThe trial kicked off with Senate Majority Leader Mitch McConnell revising two proposed rules for the procee… [+4892 chars]'}"
11,ok,11874,"{'source': {'id': 'time', 'name': 'Time'}, 'author': 'Justin Sink and Glen Carey / Bloomberg', 'title': 'Trump Says Now ‘Isn’t the Right Point’ for U.S. Troops to Pull Out of Iraq', 'description': ""President Trump confirmed that troops aren't leaving Iraq after confusion erupted over a draft U.S. letter suggesting preparations for a withdrawal."", 'url': 'https://time.com/5760864/trump-us-troops-iraq/', 'urlToImage': 'https://api.time.com/wp-content/uploads/2020/01/Donald-Trump-Iraq-troops.jpg?quality=85&crop=0px%2C21px%2C1024px%2C536px&resize=1200%2C628&strip', 'publishedAt': '2020-01-07T20:33:09Z', 'content': 'President Donald Trump said it isn’t the right time for the U.S. to pull out of Iraq after the country’s parliament called for foreign troops to depart and confusion erupted over a draft U.S. letter suggesting preparations for a withdrawal.\r\n“Eventually we wa… [+976 chars]'}"
12,ok,11874,"{'source': {'id': 'time', 'name': 'Time'}, 'author': 'Aamar Madhani / AP', 'title': 'President Trump Says Iranian General’s Killing Was ‘American Justice’ at Ohio Rally', 'description': 'Trump made the comment at a rally in Toledo, Ohio, shortly after the House approved a resolution to limit his military action against Iran', 'url': 'https://time.com/5762670/donald-trump-iran-killing-american-justice/', 'urlToImage': 'https://api.time.com/wp-content/uploads/2020/01/donald-trump-toledo-rally.jpg?quality=85&crop=0px%2C146px%2C1024px%2C536px&resize=1200%2C628&strip', 'publishedAt': '2020-01-10T08:07:29Z', 'content': '(TOLEDO, Ohio) — President Donald Trump used his first campaign election rally of 2020 to argue that he served up “American justice” by ordering a drone strike to take out Iranian Gen. Qasem Soleimani, while jeering Democratic leaders for questioning his deci… [+4936 chars]'}"
13,ok,11874,"{'source': {'id': 'time', 'name': 'Time'}, 'author': 'JONATHAN LEMIRE / AP', 'title': '‘Take Her Out. OK? Do It.’ Recording Reportedly Links Trump to Plans For Ouster of Ukraine Ambassador', 'description': 'President Trump is reportedly heard in a 2018 conversation saying he wants to get rid of Marie Yovanovitch, then-U.S. ambassador to Ukraine', 'url': 'https://time.com/5771526/trump-recording-lev-parnas-guiliani-ukraine/', 'urlToImage': 'https://api.time.com/wp-content/uploads/2020/01/trump-recording-parnas-giuliani-ukraine.jpg?quality=85&w=1200&h=628&crop=1', 'publishedAt': '2020-01-24T23:41:02Z', 'content': '(NEW YORK) — President Donald Trump can be heard in a taped 2018 conversation saying he wants to get rid of the U.S. ambassador to Ukraine, whose removal a year later emerged as an issue in Trump’s impeachment. The president was talking with a small group tha… [+3863 chars]'}"
14,ok,11874,"{'source': {'id': 'politico', 'name': 'Politico'}, 'author': None, 'title': 'Trump met his War Powers Act obligations, White House says - Politico', 'description': ""Trump met his War Powers Act obligations, White House says Politico Trump's blundering attempts to strong arm Iran follow the same pattern as the China trade-war mess Business Insider Why Trump's changing Iran story is costing him support in Congress CNN Trum…"", 'url': 'https://www.politico.com/news/2020/01/12/trump-met-war-powers-act-obrien-097772', 'urlToImage': 'https://static.politico.com/49/f4/321624494dc585d50401e32b94d8/20200112-robert-obrien-gty-773.jpg', 'publishedAt': '2020-01-12T15:28:00Z', 'content': 'The national security adviser said the administration would ""certainly"" go to Congress if they expect a longer conflict.\r\n The president offered more details about the killing of Iranian Gen. Qassem Soleimani to Fox News\' Laura Ingraham on Friday, mentioning … [+855 chars]'}"
15,ok,11874,"{'source': {'id': 'time', 'name': 'Time'}, 'author': 'Associated Press', 'title': 'No Refugees Have Moved to This Minnesota County in the Past 5 Years. It Just Voted to Ban Resettlement Anyway', 'description': 'The Beltrami County board of commissioners voted to deny resettlement—the move is allowed under an executive order signed by President Trump', 'url': 'https://time.com/5761225/beltrami-county-minnesota-bans-refugee-resettlement/', 'urlToImage': 'https://api.time.com/wp-content/uploads/2020/01/beltrami-county-minnesota-bans-refugees.jpg?quality=85&w=1200&h=628&crop=1', 'publishedAt': '2020-01-08T13:15:44Z', 'content': '(BEMIDJI, Minn.) — A northern Minnesota county on Tuesday night banned the resettlement of refugees within its boundaries, becoming the first in the state and the second in the nation to do so.\r\nBy a 3-2 vote, the Beltrami County board of commissioners voted … [+1216 chars]'}"
16,ok,11874,"{'source': {'id': 'time', 'name': 'Time'}, 'author': 'LISA MASCARO / AP', 'title': 'Senators Will ‘Pay a Price’ If They Block Impeachment Witness Testimony, Nancy Pelosi Says', 'description': 'Nancy Pelosi said senators will “pay a price” if they block new witnesses from testifying in the impeachment\xa0trial of President Trump.', 'url': 'https://time.com/5763520/nancy-pelosi-senators-block-witnesses-impeachment/', 'urlToImage': 'https://api.time.com/wp-content/uploads/2020/01/nancy-pelosi-senate-impeachment-witnesses.jpg?quality=85&w=1024&h=628&crop=1', 'publishedAt': '2020-01-12T17:20:38Z', 'content': '(WASHINGTON) — House Speaker Nancy Pelosi said Sunday that senators will “pay a price” if they block new witnesses from testifying in the impeachment trial of President Donald Trump. She said Americans expect a fair trial.\r\nPelosi, D-Calif., said the House pl… [+2609 chars]'}"
17,ok,11874,"{'source': {'id': 'time', 'name': 'Time'}, 'author': 'Associated Press', 'title': 'John Bolton ‘Prepared to Testify’ if Subpoenaed in Trump Senate Trial', 'description': 'Former Trump national security adviser John Bolton said Monday that he is “prepared to testify” if he is subpoenaed by the Senate in its impeachment trial.', 'url': 'https://time.com/5759746/john-bolton-testify/', 'urlToImage': 'https://api.time.com/wp-content/uploads/2020/01/john-bolton-testify.jpg?quality=85&w=1024&h=628&crop=1', 'publishedAt': '2020-01-06T17:26:21Z', 'content': 'WASHINGTON — Former Trump national security adviser John Bolton said Monday that he is “prepared to testify” if he is subpoenaed by the Senate in its impeachment trial.\r\nBolton, who left the White House in September, said that he has weighed the issues of exe… [+1243 chars]'}"
18,ok,11874,"{'source': {'id': 'time', 'name': 'Time'}, 'author': 'Laurie Kellman / AP', 'title': 'Adam Schiff’s Closing Remarks at Impeachment Trial Disturbs Some GOP Senators', 'description': 'Senate Republicans said Adam Schiff insulted them by repeating an anonymous report that the White House had threatened to punish Republicans who voted against Trump.', 'url': 'https://time.com/5771620/adam-schiff-closing-comments-impeachment/', 'urlToImage': 'https://api.time.com/wp-content/uploads/2020/01/Lisa-Murkowski-John-Barrasso-comments.jpg?quality=85&crop=0px%2C139px%2C5472px%2C2864px&resize=1200%2C628&strip', 'publishedAt': '2020-01-25T15:23:08Z', 'content': '(WASHINGTON) — Senate Republicans said lead impeachment prosecutor Adam Schiff insulted them during the trial by repeating an anonymously sourced report that the White House had threatened to punish Republicans who voted against President Donald Trump.\r\nSchif… [+2810 chars]'}"
19,ok,11874,"{'source': {'id': 'time', 'name': 'Time'}, 'author': 'Time', 'title': 'Senator Martha McSally Calls CNN Reporter a ‘Liberal Hack’ After Being Asked About Impeachment', 'description': 'Republican Sen. Martha McSally of Arizona lashed at a CNN reporter who asked her about the impeachment of President Donald Trump', 'url': 'https://time.com/5767048/senator-martha-mcsally-arizona-liberal-hack-cnn/', 'urlToImage': 'https://api.time.com/wp-content/uploads/2020/01/martha_mcsally_arizona_cnn_liberal_hack.jpg?quality=85&crop=57px%2C0px%2C967px%2C506px&resize=1200%2C628&strip', 'publishedAt': '2020-01-17T01:53:46Z', 'content': 'Republican U.S. Sen. Martha McSally of Arizona lashed out Thursday at a CNN reporter who asked her about the impeachment of President Donald Trump, calling him a “liberal hack.”\r\nMcSally refused to answer when CNN reporter Manu Raju asked whether the Senate s… [+1602 chars]'}"
